T1.DN12763_c0_g1_i1:['(AC/GT)17']	T1.DN12763_c0_g1_i2:['(AC/GT)17']	T1.DN12763_c0_g1_i3:['(AC/GT)12']
T1.DN10133_c1_g1_i4:['(AC/GT)18', '(AG/CT)13', '(CA/TG)9']	T1.DN10133_c1_g1_i1:['(AC/GT)12', '(AG/CT)13', '(CA/TG)9']
T1.DN1806_c0_g7_i1:['(CA/TG)16']	T1.DN1806_c0_g2_i1:['(CA/TG)12']
T1.DN2069_c0_g1_i4:['(AC/GT)19']	T1.DN2069_c0_g1_i1:['(AC/GT)12']	T1.DN2069_c0_g1_i2:['(AC/GT)19']	T1.DN2069_c0_g1_i3:['(AC/GT)12']
T1.DN845_c1_g1_i6:['(AC/GT)12', '(CA/TG)6']	T1.DN845_c1_g1_i1:['(AC/GT)19', '(CA/TG)6']
T1.DN845_c1_g1_i5:['(AC/GT)19', '(CA/TG)6']	T1.DN845_c1_g1_i3:['(AC/GT)12', '(CA/TG)6']
T1.DN968_c1_g1_i1:['(AC/GT)18', '(AC/GT)20']	T1.DN968_c1_g1_i3:['(AC/GT)25', '(AC/GT)20']
T1.DN7820_c0_g1_i1:['(AC/GT)12']	T1.DN7820_c0_g1_i3:['(AC/GT)13']
T1.DN583_c0_g2_i1:['(AC/GT)15', '(CA/TG)12']	T1.DN583_c0_g2_i5:['(AC/GT)12', '(CA/TG)15']
T1.DN4789_c1_g1_i7:['(AC/GT)16']	T1.DN4789_c1_g1_i2:['(AC/GT)12']
T1.DN226_c0_g1_i1:['(CAG/CTG)8', '(CAG/CTG)5', '(CA/TG)7']	T1.DN226_c0_g1_i2:['(CAG/CTG)12', '(CAG/CTG)5', '(CA/TG)7']
T1.DN1827_c4_g1_i1:['(CAG/CTG)8']	T1.DN1827_c4_g1_i4:['(CAG/CTG)13']
T1.DN80_c1_g1_i5:['(ACCCC/GGGGT)5']	T1.DN80_c1_g1_i3:['(ACCCC/GGGGT)6']
T1.DN2177_c1_g1_i9:['(AC/GT)33']	T1.DN2177_c1_g1_i4:['(AC/GT)12']	T1.DN2177_c1_g1_i15:['(AC/GT)12']	T1.DN2177_c1_g1_i16:['(AC/GT)33']	T1.DN2177_c1_g1_i19:['(AC/GT)33']
T1.DN461_c0_g2_i9:['(CA/TG)16']	T1.DN461_c0_g2_i5:['(CA/TG)11']	T1.DN461_c0_g2_i4:['(CA/TG)16']
T1.DN1589_c0_g3_i3:['(GAGAC/GTCTC)9']	T1.DN1589_c0_g3_i1:['(GAGAC/GTCTC)5']
T1.DN4450_c3_g1_i2:['(CA/TG)18']	T1.DN4450_c3_g1_i1:['(CA/TG)12']
T1.DN4413_c0_g1_i4:['(TAA/TTA)8']	T1.DN4413_c0_g1_i8:['(TAA/TTA)8']	T1.DN4413_c0_g1_i10:['(TAA/TTA)12']
T1.DN4413_c0_g1_i5:['(TAA/TTA)8', '(CAG/CTG)5']	T1.DN4413_c0_g1_i7:['(TAA/TTA)14', '(CAG/CTG)5']
T1.DN1827_c4_g1_i2:['(CAG/CTG)8']	T1.DN1827_c4_g1_i3:['(CAG/CTG)13']
T1.DN2665_c0_g1_i1:['(AGG/CCT)6', '(AG/CT)6']	T1.DN2665_c0_g1_i2:['(AGG/CCT)7', '(AG/CT)6']
T1.DN1664_c0_g1_i4:['(GA/TC)18']	T1.DN1664_c0_g1_i5:['(GA/TC)24']
T1.DN3090_c0_g2_i10:['(TA/TA)11']	T1.DN3090_c0_g2_i8:['(TA/TA)11']	T1.DN3090_c0_g2_i3:['(TA/TA)12']	T1.DN3090_c0_g2_i7:['(TA/TA)12']
T1.DN2665_c0_g1_i4:['(AGG/CCT)6', '(AG/CT)6']	T1.DN2665_c0_g1_i3:['(AGG/CCT)7', '(AG/CT)6']
T1.DN4396_c0_g1_i7:['(TAA/TTA)10']	T1.DN4396_c0_g1_i1:['(TAA/TTA)10']	T1.DN4396_c0_g1_i3:['(TAA/TTA)8']
T1.DN2509_c0_g1_i1:['(AC/GT)12', '(GA/TC)8', '(CA/TG)7']	T1.DN2509_c0_g1_i2:['(AC/GT)18', '(GA/TC)8', '(CA/TG)7']
T1.DN213_c0_g1_i10:['(AC/GT)19']	T1.DN213_c0_g2_i2:['(AC/GT)14']
T1.DN3462_c2_g1_i2:['(TAA/TTA)7', '(AG/CT)35']	T1.DN3462_c2_g1_i3:['(TAA/TTA)7', '(AG/CT)12']	T1.DN3462_c2_g1_i5:['(TAA/TTA)7', '(AG/CT)12']
T1.DN2574_c0_g1_i1:['(AC/GT)19']	T1.DN2574_c0_g1_i3:['(AC/GT)12']
T1.DN4550_c0_g2_i1:['(AAG/CTT)9', '(CTC/GAG)8']	T1.DN4550_c0_g2_i2:['(AAG/CTT)10', '(CTC/GAG)8']
T1.DN4595_c2_g1_i2:['(AC/GT)25', '(AC/GT)6', '(GA/TC)7', '(GA/TC)38']	T1.DN4595_c2_g1_i3:['(AC/GT)17', '(AC/GT)6', '(GA/TC)7', '(GA/TC)38']
T1.DN764_c0_g1_i1:['(CA/TG)11', '(CA/TG)22', '(CA/TG)9']	T1.DN764_c0_g1_i3:['(CA/TG)11', '(CA/TG)9', '(CA/TG)14']
T1.DN764_c0_g1_i4:['(CA/TG)11', '(CA/TG)9', '(CA/TG)14']	T1.DN764_c0_g1_i2:['(CA/TG)11', '(CA/TG)22', '(CA/TG)9']
T1.DN7285_c0_g2_i1:['(CA/TG)12']	T1.DN7285_c0_g2_i2:['(CA/TG)18']
T1.DN262_c0_g2_i1:['(AC/GT)16']	T1.DN262_c0_g2_i2:['(AC/GT)22']
T1.DN9550_c0_g1_i1:['(CATC/GATG)6', '(AT/AT)9']	T1.DN9550_c0_g1_i2:['(CATC/GATG)7', '(AT/AT)9']
T1.DN6354_c0_g1_i1:['(AATAT/ATATT)10']	T1.DN6354_c0_g1_i2:['(AATAT/ATATT)9']
T1.DN3483_c1_g2_i1:['(CA/TG)23']	T1.DN3483_c1_g2_i2:['(CA/TG)18']
T1.DN11158_c0_g1_i2:['(GATA/TATC)9']	T1.DN11158_c0_g1_i3:['(GATA/TATC)6']
T1.DN1368_c0_g1_i6:['(AAG/CTT)11']	T1.DN1368_c0_g1_i1:['(AAG/CTT)8']
T1.DN974_c0_g1_i2:['(GA/TC)29']	T1.DN974_c0_g2_i1:['(GA/TC)28']
T1.DN16114_c0_g2_i1:['(AC/GT)12']	T1.DN16114_c0_g2_i2:['(AC/GT)18']
T1.DN1430_c0_g2_i1:['(AC/GT)15']	T1.DN1430_c0_g2_i2:['(AC/GT)12']
T1.DN6883_c0_g1_i1:['(AG/CT)12']	T1.DN6883_c0_g1_i2:['(AG/CT)21']
T1.DN9078_c0_g1_i1:['(ACA/TGT)12']	T1.DN9078_c0_g1_i2:['(ACA/TGT)8']
T1.DN6562_c0_g1_i1:['(AC/GT)12']	T1.DN6562_c0_g1_i2:['(AC/GT)21']
T1.DN1059_c0_g1_i4:['(AC/GT)6', '(TCA/TGA)11']	T1.DN1059_c0_g1_i1:['(AC/GT)6', '(TCA/TGA)8']
T1.DN679_c1_g1_i4:['(AC/GT)15']	T1.DN679_c1_g1_i7:['(AC/GT)17']
T1.DN15193_c0_g1_i1:['(AGA/TCT)13']	T1.DN15193_c0_g1_i2:['(AGA/TCT)8']
T1.DN606_c2_g1_i2:['(AC/GT)7']	T1.DN606_c2_g1_i1:['(AC/GT)15']
T1.DN6915_c0_g1_i4:['(CA/TG)8']	T1.DN6915_c0_g1_i11:['(CA/TG)15']
T1.DN2141_c2_g1_i2:['(AAGA/TCTT)6']	T1.DN2141_c2_g1_i1:['(AAGA/TCTT)9']
T1.DN5351_c0_g1_i1:['(AC/GT)18']	T1.DN5351_c0_g1_i2:['(AC/GT)12']
T1.DN4114_c0_g1_i1:['(AC/GT)12']	T1.DN4114_c0_g1_i2:['(AC/GT)6']
T1.DN2164_c1_g3_i2:['(CA/TG)12']	T1.DN2164_c1_g3_i1:['(CA/TG)11']
T1.DN53721_c0_g1_i4:['(CA/TG)12']	T1.DN53721_c0_g1_i5:['(CA/TG)15']
T1.DN4659_c1_g2_i2:['(CA/TG)28']	T1.DN4659_c1_g2_i3:['(CA/TG)12']
